{"assets/fonts/GenJyuuGothicX-Bold.ttf":["assets/fonts/GenJyuuGothicX-Bold.ttf"],"assets/fonts/GenJyuuGothicX-Light.ttf":["assets/fonts/GenJyuuGothicX-Light.ttf"],"assets/fonts/GenJyuuGothicX-Medium.ttf":["assets/fonts/GenJyuuGothicX-Medium.ttf"],"assets/fonts/Montserrat-Bold.ttf":["assets/fonts/Montserrat-Bold.ttf"],"assets/fonts/Montserrat-ExtraBold.ttf":["assets/fonts/Montserrat-ExtraBold.ttf"],"assets/fonts/Montserrat-ExtraLight.ttf":["assets/fonts/Montserrat-ExtraLight.ttf"],"assets/fonts/Montserrat-Light.ttf":["assets/fonts/Montserrat-Light.ttf"],"assets/fonts/Montserrat-Medium.ttf":["assets/fonts/Montserrat-Medium.ttf"],"assets/fonts/Montserrat-Regular.ttf":["assets/fonts/Montserrat-Regular.ttf"],"assets/fonts/Montserrat-SemiBold.ttf":["assets/fonts/Montserrat-SemiBold.ttf"],"assets/fonts/Montserrat-Thin.ttf":["assets/fonts/Montserrat-Thin.ttf"],"packages/cupertino_icons/assets/CupertinoIcons.ttf":["packages/cupertino_icons/assets/CupertinoIcons.ttf"]}