[{"family":"MaterialIcons","fonts":[{"asset":"fonts/MaterialIcons-Regular.otf"}]},{"family":"Montserrat","fonts":[{"asset":"assets/fonts/Montserrat-Regular.ttf"},{"weight":600,"asset":"assets/fonts/Montserrat-Medium.ttf"},{"weight":700,"asset":"assets/fonts/Montserrat-SemiBold.ttf"},{"weight":800,"asset":"assets/fonts/Montserrat-Bold.ttf"},{"weight":900,"asset":"assets/fonts/Montserrat-ExtraBold.ttf"},{"weight":300,"asset":"assets/fonts/Montserrat-Light.ttf"},{"weight":200,"asset":"assets/fonts/Montserrat-ExtraLight.ttf"},{"weight":100,"asset":"assets/fonts/Montserrat-Thin.ttf"}]},{"family":"GenJyuu","fonts":[{"weight":500,"asset":"assets/fonts/GenJyuuGothicX-Medium.ttf"},{"weight":300,"asset":"assets/fonts/GenJyuuGothicX-Light.ttf"},{"weight":700,"asset":"assets/fonts/GenJyuuGothicX-Bold.ttf"}]},{"family":"packages/cupertino_icons/CupertinoIcons","fonts":[{"asset":"packages/cupertino_icons/assets/CupertinoIcons.ttf"}]}]